Date,Open,High,Low,Close ,Adj Close ,Volume
1-Oct-26,356.81,359.79,353.8,356.93,356.93,"14,680,577"
30-Sep-26,352.11,355.22,345.88,354.81,354.81,"39,158,100"
29-Sep-26,358.4,358.74,351.67,352.84,352.84,"32,492,400"
28-Sep-26,368.06,369.43,356.8,357.45,357.45,"39,452,900"
25-Sep-26,384.62,386.83,367.67,372.11,372.11,"45,999,500"
24-Sep-26,377.35,383.33,375.7,377.94,377.94,"26,165,700"
23-Sep-26,380.1,386.7,377.58,380.12,380.12,"33,522,500"
22-Sep-26,379.07,380.42,372.88,378.9,378.9,"28,229,900"
21-Sep-26,371.64,378.36,371.07,375.3,375.3,"36,599,600"
18-Sep-26,369,370.9,360.75,364.27,364.27,"51,922,300"
17-Sep-26,367.48,374.12,363.22,366.2,366.2,"38,924,100"
16-Sep-26,357.93,365.1,354.89,358.08,358.08,"32,177,400"
15-Sep-26,358.75,362.39,354.05,356.58,356.58,"30,317,700"
14-Sep-26,359.78,367.73,357.04,358.97,358.97,"32,477,200"
11-Sep-26,364.2,368.66,361.6,365.44,365.44,"30,153,000"
10-Sep-26,360.6,369.21,357.68,363.56,363.56,"29,667,200"
9-Sep-26,368.25,375.44,366,367.81,367.81,"32,564,300"
8-Sep-26,357.1,370,355.75,368.16,368.16,"51,078,800"
4-Sep-26,362.07,364.69,351.32,354.08,354.08,"65,018,200"
3-Sep-26,365.82,384.04,365.82,376.37,376.37,"63,601,000"
2-Sep-26,360.41,360.62,349.92,357.01,357.01,"33,951,900"
1-Sep-26,360.9,362.7,352.96,356.09,356.09,"36,193,900"
31-Aug-26,347.21,368.92,347.15,367.95,367.95,"61,732,300"
28-Aug-26,357.1,358.8,345.2,348.75,348.75,"32,972,200"
27-Aug-26,346.16,355.74,345.45,354.81,354.81,"30,136,200"
26-Aug-26,345.27,351.93,342.53,345.82,345.82,"28,573,000"
25-Aug-26,349.58,357,349.2,350.25,350.25,"29,816,700"
24-Aug-26,361.41,363.24,348.26,348.95,348.95,"39,190,500"
21-Aug-26,349.88,366.5,346.9,362.86,362.86,"59,224,000"
20-Aug-26,346.2,347.5,338.96,345.13,345.13,"30,766,400"
19-Aug-26,338.89,351.62,335.7,351.12,351.12,"36,735,400"
18-Aug-26,333.22,340.53,331.12,336.87,336.87,"27,994,500"
17-Aug-26,340.69,345.45,337.48,339.3,339.3,"26,037,100"
14-Aug-26,342.33,351.26,335.33,342.27,342.27,"45,437,100"
13-Aug-26,327.2,341.64,325.24,339.96,339.96,"34,708,300"
12-Aug-26,335,335.5,323.64,327.51,327.51,"28,698,900"
11-Aug-26,332.8,336.2,329.53,332.81,332.81,"23,345,200"
10-Aug-26,326.6,332.05,326.15,330.88,330.88,"25,003,800"
7-Aug-26,322.34,333.73,321.25,328.58,328.58,"39,492,300"
6-Aug-26,317.05,323,315.52,319.53,319.53,"26,033,800"
5-Aug-26,323.42,327.14,320.28,321.55,321.55,"27,820,800"
4-Aug-26,324,329.57,320.79,327.35,327.35,"33,318,300"
3-Aug-26,310.96,324.65,310.43,322.08,322.08,"38,281,400"
31-Jul-26,309.69,315.5,301.97,311.21,311.21,"36,630,600"
30-Jul-26,302.7,310.87,301.33,308.85,308.85,"38,005,400"
29-Jul-26,307.14,309.06,297.38,298.32,298.32,"39,478,000"
28-Jul-26,305.93,311.16,300.69,307.44,307.44,"39,802,400"
27-Jul-26,313.24,317,304.28,309.22,309.22,"44,919,400"
24-Jul-26,320.72,322.96,306.51,313.03,313.03,"62,760,000"
23-Jul-26,341,342.11,315.74,319.69,319.69,"115,606,400"
22-Jul-26,375.53,380.17,372.9,374.01,374.01,"30,646,100"
21-Jul-26,371.17,384.07,369.98,378.93,378.93,"32,735,300"
20-Jul-26,386.05,386.61,369.43,369.57,369.57,"33,901,500"
17-Jul-26,381.78,385.69,377.22,380.84,380.84,"31,394,600"
16-Jul-26,392.35,395.31,385.32,391.06,391.06,"29,269,100"
15-Jul-26,399.4,406.59,390.66,394.46,394.46,"31,549,800"
14-Jul-26,399.05,402.22,394.76,396.18,396.18,"23,385,000"
13-Jul-26,404.61,405.57,391.37,394.76,394.76,"32,809,200"
10-Jul-26,410.49,413.16,402.81,407.76,407.76,"33,410,000"
9-Jul-26,393.99,407.86,390.86,406.55,406.55,"37,835,000"
8-Jul-26,399.38,399.63,390.51,394.06,394.06,"33,844,900"
7-Jul-26,416.96,419.56,401.88,402.9,402.9,"38,149,900"
6-Jul-26,397.5,420,390.5,419.77,419.77,"54,727,900"
2-Jul-26,428.01,432.35,389.3,393.45,393.45,"73,717,700"
1-Jul-26,421.46,432.86,418.09,425.3,425.3,"40,127,900"
30-Jun-26,406,424.54,406,420.6,420.6,"43,385,600"
29-Jun-26,381.79,413.27,379.3,411.84,411.84,"57,645,800"
26-Jun-26,370.15,387.8,368.6,379.71,379.71,"53,434,100"
25-Jun-26,375.27,379.12,371.22,375.12,375.12,"30,138,800"
24-Jun-26,380.08,384.58,373.05,375.53,375.53,"37,081,400"
23-Jun-26,392.61,392.87,379.06,381.61,381.61,"50,420,200"
22-Jun-26,394.85,414.75,394.4,405.05,405.05,"47,819,500"
18-Jun-26,398.1,402.52,384.7,400.49,400.49,"58,384,700"
17-Jun-26,401.53,405.94,393.76,396.38,396.38,"43,534,300"
16-Jun-26,404.11,412.42,400.54,404.66,404.66,"40,255,500"
15-Jun-26,412.37,416,407.1,411.15,411.15,"45,620,500"
12-Jun-26,399.49,406.68,386.76,406.43,406.43,"63,514,500"
11-Jun-26,388.28,399.54,380.66,399.15,399.15,"45,324,300"
10-Jun-26,391.54,397.09,380.15,381.59,381.59,"49,695,600"
9-Jun-26,411.03,418.5,384.24,396.68,396.68,"59,940,200"
8-Jun-26,396.33,412.94,394.72,408.95,408.95,"50,328,800"
5-Jun-26,420.5,424.68,388.59,391,391,"63,420,200"
4-Jun-26,419.84,426.35,417.16,418.45,418.45,"35,323,300"
3-Jun-26,418.7,433.6,416,423.7,423.7,"44,500,700"
2-Jun-26,418.22,424.42,413.65,423.74,423.74,"37,596,000"
1-Jun-26,427.49,429.6,415.43,415.88,415.88,"44,937,900"
29-May-26,439.85,441.07,428.14,435.79,435.79,"45,176,800"
28-May-26,437.62,443.96,436.3,442.1,442.1,"32,435,000"
27-May-26,442.89,445.6,435.52,440.36,440.36,"44,656,500"
26-May-26,430.26,435.2,426.12,433.59,433.59,"45,658,900"
22-May-26,422.67,431.51,420.51,426.01,426.01,"46,104,700"
21-May-26,422.18,426.95,412.9,417.85,417.85,"42,636,900"
20-May-26,407.6,417.46,406.39,417.26,417.26,"45,294,700"
19-May-26,403.16,405.63,393.63,404.11,404.11,"46,500,600"
18-May-26,419.27,421.13,405.33,409.99,409.99,"52,474,200"
15-May-26,433.98,434.66,422,422.24,422.24,"52,688,700"
14-May-26,446.49,451.98,441.16,443.3,443.3,"46,070,400"
13-May-26,436.67,453.4,430.21,445.27,445.27,"68,283,200"
12-May-26,441.41,447.8,422.26,433.45,433.45,"60,569,300"
11-May-26,422.16,449.16,416.8,445,445,"78,376,100"
8-May-26,416.48,431.2,416.39,428.35,428.35,"65,050,000"
7-May-26,407.48,415.83,402.12,411.79,411.79,"64,294,200"
6-May-26,386.25,401.68,384.02,398.73,398.73,"53,465,400"
5-May-26,395.19,402.12,389,389.37,389.37,"47,780,600"
4-May-26,390.23,394.64,384.8,392.51,392.51,"48,765,100"
1-May-26,382.49,397.82,378.8,390.82,390.82,"65,338,300"
30-Apr-26,372.75,384.75,368.17,381.63,381.63,"51,076,000"
29-Apr-26,375.4,376.4,370.04,372.8,372.8,"45,384,800"
28-Apr-26,374.68,382.29,372.54,376.02,376.02,"50,864,400"
27-Apr-26,372.09,380.78,364.02,378.67,378.67,"66,735,800"
24-Apr-26,373.5,382.76,370.73,376.3,376.3,"62,893,300"
23-Apr-26,375.28,386,368.39,373.72,373.72,"93,969,500"
22-Apr-26,387.57,393.01,385.3,387.51,387.51,"62,362,800"
21-Apr-26,393,393.95,385.22,386.42,386.42,"50,530,600"
20-Apr-26,402.58,406.8,388.33,392.5,392.5,"64,603,900"
17-Apr-26,395.92,409.28,391.65,400.62,400.62,"90,640,000"
16-Apr-26,393.81,394.06,381.8,388.9,388.9,"63,515,100"
15-Apr-26,366.83,394.65,362.5,391.95,391.95,"113,810,400"
14-Apr-26,357.67,367.63,354.77,364.2,364.2,"59,979,600"
13-Apr-26,350.07,356.35,348.57,352.42,352.42,"53,617,500"
10-Apr-26,346.29,350.36,342.74,348.95,348.95,"51,336,000"
9-Apr-26,343.15,348.88,337.25,345.62,345.62,"62,164,000"
8-Apr-26,363.79,364.5,339.67,343.25,343.25,"78,838,600"
7-Apr-26,346.44,348.02,337.24,346.65,346.65,"74,515,400"
6-Apr-26,362.59,367.72,346.64,352.82,352.82,"77,697,600"
2-Apr-26,364.2,370.28,359.03,360.59,360.59,"83,031,200"
1-Apr-26,378.63,383.14,374.08,381.26,381.26,"58,683,800"
31-Mar-26,361.51,373.33,361,371.75,371.75,"75,534,900"
30-Mar-26,365.86,367.29,352.14,355.28,355.28,"67,954,400"
27-Mar-26,369.69,369.86,359.47,361.83,361.83,"62,065,700"
26-Mar-26,381.6,384.44,371.87,372.11,372.11,"55,522,900"
25-Mar-26,389.99,396.23,385.01,385.95,385.95,"55,157,300"
24-Mar-26,376.56,387.48,376.31,383.03,383.03,"60,004,900"
23-Mar-26,373.09,385.33,372.73,380.85,380.85,"74,606,000"
20-Mar-26,379.85,379.89,364.46,367.96,367.96,"78,628,600"
19-Mar-26,387.27,387.27,378.73,380.3,380.3,"67,078,300"
18-Mar-26,399,403.07,392.31,392.78,392.78,"50,853,100"
17-Mar-26,395.69,400.12,393,399.27,399.27,"46,890,500"
16-Mar-26,396.22,403.73,394.42,395.56,395.56,"58,068,300"
13-Mar-26,399.17,400.2,389.95,391.2,391.2,"58,504,100"
12-Mar-26,405.18,406.5,394.65,395.01,395.01,"60,973,800"
11-Mar-26,402.28,416.38,402.15,407.82,407.82,"62,559,900"
10-Mar-26,402.22,406.59,398.19,399.24,399.24,"59,258,700"
9-Mar-26,390.05,401.59,381.4,398.68,398.68,"67,018,900"
6-Mar-26,398.09,402.35,394.21,396.73,396.73,"64,054,600"
5-Mar-26,401.57,408.62,399.42,405.55,405.55,"51,925,900"
4-Mar-26,397.85,408.33,394.58,405.94,405.94,"68,305,500"
3-Mar-26,395.09,396.34,385.39,392.43,392.43,"62,617,300"
2-Mar-26,390.6,404.54,388.25,403.32,403.32,"55,088,300"
27-Feb-26,402.94,407.12,398.11,402.51,402.51,"56,890,100"
26-Feb-26,414.42,416.81,403.66,408.58,408.58,"53,602,500"
25-Feb-26,412.15,420.34,412.15,417.4,417.4,"54,809,700"
24-Feb-26,399.5,410.82,397.64,409.38,409.38,"58,579,500"
23-Feb-26,407.29,407.7,394.04,399.83,399.83,"69,680,000"
20-Feb-26,408.3,414.7,405.5,411.82,411.82,"57,912,200"
19-Feb-26,407.25,415.25,404.11,411.71,411.71,"51,019,600"
18-Feb-26,411.11,416.9,409.58,411.32,411.32,"45,921,400"
17-Feb-26,412.36,413.72,400.51,410.63,410.63,"59,678,800"
13-Feb-26,414.31,424.06,410.88,417.44,417.44,"51,434,100"
12-Feb-26,430.3,436.23,414,417.07,417.07,"61,933,400"
11-Feb-26,427.96,436.35,420.03,428.27,428.27,"57,362,000"
10-Feb-26,418.08,427.25,417,425.21,425.21,"64,450,200"
9-Feb-26,409.91,421.25,407.29,417.32,417.32,"54,484,300"
6-Feb-26,400.87,414.55,397.75,411.11,411.11,"62,677,100"
5-Feb-26,397.02,402.1,387.53,397.21,397.21,"72,819,800"
4-Feb-26,420.46,423.9,399.18,406.01,406.01,"74,606,900"
3-Feb-26,424.27,428.56,413.69,421.96,421.96,"56,886,500"
2-Feb-26,421.29,427.15,414.5,421.81,421.81,"58,739,500"
30-Jan-26,425.35,439.88,422.7,430.41,430.41,"82,626,100"
29-Jan-26,437.8,440.23,414.62,416.56,416.56,"81,686,100"
28-Jan-26,431.91,438.26,430.1,431.46,431.46,"54,857,400"
27-Jan-26,437.41,437.52,430.69,430.9,430.9,"37,733,100"
26-Jan-26,445,445.04,434.28,435.2,435.2,"49,397,400"
23-Jan-26,447.43,452.43,444.04,449.06,449.06,"56,771,400"
22-Jan-26,435.16,449.5,432.63,449.36,449.36,"71,546,700"
21-Jan-26,421.66,438.2,419.62,431.44,431.44,"68,124,000"
20-Jan-26,429.36,430.73,417.44,419.25,419.25,"63,187,300"
16-Jan-26,439.5,447.25,435.26,437.5,437.5,"60,220,600"
15-Jan-26,441.13,445.36,437.65,438.57,438.57,"49,465,800"
14-Jan-26,442.81,443.91,434.22,439.2,439.2,"57,259,500"
13-Jan-26,450.2,451.81,443.95,447.2,447.2,"53,719,200"
12-Jan-26,441.23,454.3,438,448.96,448.96,"61,649,600"
9-Jan-26,435.95,449.05,430.39,445.01,445.01,"67,331,500"
8-Jan-26,427.89,436.89,424.37,435.8,435.8,"57,041,100"
7-Jan-26,435.9,438.37,431.29,431.41,431.41,"59,828,800"
6-Jan-26,446.38,448.25,428.78,432.96,432.96,"89,093,800"
5-Jan-26,447.99,457.55,444.57,451.67,451.67,"67,940,800"
2-Jan-26,457.8,458.34,435.3,438.07,438.07,"85,535,400"
31-Dec-25,456.1,456.55,449.3,449.72,449.72,"49,078,000"
30-Dec-25,461.09,463.12,453.83,454.43,454.43,"59,238,500"
29-Dec-25,469,469.4,459,459.64,459.64,"66,263,000"
26-Dec-25,485.23,489.09,473.82,475.19,475.19,"58,780,700"
24-Dec-25,488.48,490.9,476.8,485.4,485.4,"41,285,400"
23-Dec-25,489.4,491.97,482.84,485.56,485.56,"58,223,600"
22-Dec-25,489.88,498.83,485.33,488.73,488.73,"86,916,100"
19-Dec-25,488.12,490.49,474.72,481.2,481.2,"103,305,400"
18-Dec-25,478.16,490.86,473.12,483.37,483.37,"95,168,400"
17-Dec-25,488.22,495.28,466.2,467.26,467.26,"106,490,400"
16-Dec-25,472.21,491.5,465.83,489.88,489.88,"107,608,100"
15-Dec-25,469.44,481.77,467.66,475.31,475.31,"114,542,200"
12-Dec-25,448.09,463.01,441.67,458.96,458.96,"95,656,700"
11-Dec-25,448.95,449.27,440.33,446.89,446.89,"55,979,500"
10-Dec-25,446.07,456.88,443.61,451.45,451.45,"63,257,500"
9-Dec-25,437.54,452.39,435.7,445.17,445.17,"62,367,400"
8-Dec-25,447.45,449.75,435.25,439.58,439.58,"69,165,800"
5-Dec-25,453.03,458.87,451.66,455,455,"56,427,500"
4-Dec-25,449.94,454.63,445.39,454.53,454.53,"71,906,500"
3-Dec-25,432.1,447.92,431.11,446.74,446.74,"87,483,000"
2-Dec-25,430.81,436.8,422.12,429.24,429.24,"69,336,600"
1-Dec-25,425.32,433.66,425.29,430.14,430.14,"57,463,600"
28-Nov-25,426.59,432.93,426.2,430.17,430.17,"36,252,900"
26-Nov-25,423.95,426.94,416.89,426.58,426.58,"63,463,000"
25-Nov-25,414.42,420.48,405.95,419.4,419.4,"71,915,600"
24-Nov-25,402.17,421.72,401.09,417.78,417.78,"96,806,400"
21-Nov-25,402.32,402.8,383.76,391.09,391.09,"100,460,600"
20-Nov-25,414.63,428.94,394.74,395.23,395.23,"113,548,800"
19-Nov-25,406.18,411.78,398.5,403.99,403.99,"72,047,700"
18-Nov-25,405.38,408.9,393.71,401.25,401.25,"80,688,600"
17-Nov-25,398.74,423.96,398.74,408.92,408.92,"102,214,300"
14-Nov-25,386.3,412.19,382.78,404.35,404.35,"105,506,700"
13-Nov-25,423.13,424.5,396.34,401.99,401.99,"118,948,000"
12-Nov-25,442.15,442.33,426.56,430.6,430.6,"58,513,500"
11-Nov-25,439.4,442.49,432.36,439.62,439.62,"60,533,200"
10-Nov-25,439.6,449.67,433.36,445.23,445.23,"76,515,900"
7-Nov-25,437.92,439.36,421.88,429.52,429.52,"103,471,500"
6-Nov-25,461.96,467.45,435.09,445.91,445.91,"109,622,900"
5-Nov-25,452.05,466.33,440.71,462.07,462.07,"85,573,000"
4-Nov-25,454.46,460.22,443.6,444.26,444.26,"87,756,600"
3-Nov-25,455.99,474.07,453.8,468.37,468.37,"84,595,200"
31-Oct-25,446.75,458,443.69,456.56,456.56,"83,135,800"
30-Oct-25,451.05,455.06,439.61,440.1,440.1,"72,447,900"
29-Oct-25,462.5,465.7,452.65,461.51,461.51,"67,983,500"
28-Oct-25,454.78,467,451.6,460.55,460.55,"80,185,700"
27-Oct-25,439.98,460.16,438.69,452.42,452.42,"105,867,500"
24-Oct-25,446.83,451.68,430.17,433.72,433.72,"94,727,800"
23-Oct-25,420,449.4,413.9,448.98,448.98,"126,709,800"
22-Oct-25,443.45,445.54,429,438.97,438.97,"84,023,500"
21-Oct-25,445.76,449.3,442.05,442.6,442.6,"54,412,200"
20-Oct-25,443.87,449.8,440.61,447.43,447.43,"63,719,000"
17-Oct-25,425.5,441.46,423.6,439.31,439.31,"89,331,600"
16-Oct-25,434.73,439.35,421.31,428.75,428.75,"77,189,900"
15-Oct-25,434.9,440.51,426.33,435.15,435.15,"71,558,200"
14-Oct-25,426.79,434.2,417.86,429.24,429.24,"72,669,400"
13-Oct-25,423.53,436.89,419.7,435.9,435.9,"79,552,800"
10-Oct-25,436.54,443.13,411.45,413.49,413.49,"112,107,900"
9-Oct-25,431.81,436.35,426.18,435.54,435.54,"69,339,900"
8-Oct-25,437.57,441.33,425.23,438.69,438.69,"71,192,100"
7-Oct-25,447.82,452.68,432.45,433.09,433.09,"102,296,100"
6-Oct-25,440.75,453.55,436.69,453.25,453.25,"85,324,900"
3-Oct-25,443.29,446.77,416.58,429.83,429.83,"133,188,200"
2-Oct-25,470.54,470.75,435.57,436,436,"137,009,000"
1-Oct-25,443.8,462.29,440.75,459.46,459.46,"98,122,300"
